day,date,time_ist,slot,format,pillar,title,hook,cta,hashtags,festival,stories,launch_post,status
"1","2026-10-01","19:30","1","Reel","Sweet-making process","Hours, not minutes — the milk cake film","This milk cake took hours. Give us fifteen seconds.","Follow for the whole process — and tell us which sweet we should film next.","#Mithaiwallah #PremiumSweets #IndianSweets #Mithai #HandcraftedSweets #Prayagraj #PrayagrajFood #Allahabad #UttarPradesh #SweetMaking #Halwai #SlowFood #FoodASMR #MadeByHand #MilkCake #AlwarKaMawa #DesiGhee","","Order reminder + link sticker; countdown sticker near festivals","#1","planned"
"2","2026-10-02","19:30","1","Carousel","Sweet-making process","Meet the Signature Six","Six sweets. Each one made the long way.","Comment 1–6 · Save this for your next order.","#Mithaiwallah #PremiumSweets #IndianSweets #Mithai #HandcraftedSweets #Prayagraj #PrayagrajFood #Allahabad #UttarPradesh #MilkCake #AlwarKaMawa #DesiGhee #Kalakand #MilkSweets #Peda #MathuraPeda #KesarPeda #MalaiBarfi #SilverVarq #Barfi","","Reshare customer stories and unboxings (with permission)","#2","planned"
"3","2026-10-03","19:30","1","Photo","Corporate gifting","Your logo, in gold foil","Diwali corporate gifting is now booking.","DM “DIWALI” for the corporate catalogue, or tap the link in bio.","#Mithaiwallah #PremiumSweets #IndianSweets #Mithai #HandcraftedSweets #CorporateGifting #CorporateGiftsIndia #DiwaliGifting #EmployeeGifts #ClientGifts #Diwali2026 #FestiveGifting #DiwaliSweets #FestiveHampers #Prayagraj #PrayagrajFood #Allahabad #UttarPradesh","","Founder takeover: 3–5 frames, face to camera","#3","planned"
"4","2026-10-04","19:30","1","Reel","Packaging","The most satisfying 12 seconds of our day","The most satisfying 12 seconds of our day.","Send this to the person who always brings the best mithai.","#Mithaiwallah #PremiumSweets #IndianSweets #Mithai #HandcraftedSweets #LuxuryPackaging #GiftBox #Unboxing #PackagingDesign #SatisfyingVideo #SweetMaking #Halwai #SlowFood #FoodASMR #MadeByHand","","Family & festive moments; weekend order cut-off reminder","#4","planned"
"5","2026-10-05","19:30","1","Carousel","Founder journey","Why we started Mithaiwallah","Why would anyone start a sweets company in 2026?","Follow to build this with us. Ask me anything in the comments.","#Mithaiwallah #PremiumSweets #IndianSweets #Mithai #HandcraftedSweets #FounderStory #MadeInIndia #VocalForLocal #SmallBusinessIndia #Prayagraj #PrayagrajFood #Allahabad #UttarPradesh","","Poll: “Which sweet are you?” + link sticker to /sweets","#5","planned"
"6","2026-10-06","19:30","1","Photo","Sweet-making process","Kalakand, made this morning","Made this morning. Gone by tonight.","Tag someone who would finish this box on the way home.","#Mithaiwallah #PremiumSweets #IndianSweets #Mithai #HandcraftedSweets #Kalakand #MilkSweets #Prayagraj #PrayagrajFood #Allahabad #UttarPradesh #SweetMaking #Halwai #SlowFood #FoodASMR #MadeByHand","","Behind the scenes: kitchen clips, halwai at work","#6","planned"
"7","2026-10-07","19:30","1","Reel","Sweet-making process","5 a.m. in our kitchen","Before Prayagraj wakes up, our kadhais are already warm.","Follow for more from inside the kitchen.","#Mithaiwallah #PremiumSweets #IndianSweets #Mithai #HandcraftedSweets #SweetMaking #Halwai #SlowFood #FoodASMR #MadeByHand #Prayagraj #PrayagrajFood #Allahabad #UttarPradesh","","Question box: “Ask us anything about mithai / gifting”","#7","planned"
"8","2026-10-08","19:30","1","Carousel","Sweet-making process","Milk cake vs kalakand — what’s the difference?","You’ve eaten both. Can you tell them apart?","Comment your team 👇 and save this for your next sweet-shop argument.","#Mithaiwallah #PremiumSweets #IndianSweets #Mithai #HandcraftedSweets #MilkCake #AlwarKaMawa #DesiGhee #Kalakand #MilkSweets #SweetMaking #Halwai #SlowFood #FoodASMR #MadeByHand","","Order reminder + link sticker; countdown sticker near festivals","#8","planned"
"9","2026-10-09","19:30","1","Photo","Wedding gifting","Return gifts, with your names on them","The last thing your guests take home should be the sweetest.","DM “WEDDING” for our wedding catalogue.","#Mithaiwallah #PremiumSweets #IndianSweets #Mithai #HandcraftedSweets #WeddingGifts #WeddingHampers #ReturnGifts #IndianWedding #ShaadiSeason #WeddingFavours #Prayagraj #PrayagrajFood #Allahabad #UttarPradesh","","Reshare customer stories and unboxings (with permission)","#9","planned"
"10","2026-10-10","19:30","1","Reel","Sweet-making process","Every peda carries a thumbprint","Look closely at your peda. That’s a thumbprint.","Save this. Share it with someone who takes peda for granted.","#Mithaiwallah #PremiumSweets #IndianSweets #Mithai #HandcraftedSweets #Peda #MathuraPeda #KesarPeda #SweetMaking #Halwai #SlowFood #FoodASMR #MadeByHand #Prayagraj #PrayagrajFood #Allahabad #UttarPradesh","","Founder takeover: 3–5 frames, face to camera","#10","planned"
"11","2026-10-11","19:30","1","Carousel","Packaging","Navratri gifting, nine ways","Nine days of visits. Here’s what to take.","DM to order · Link in bio.","#Mithaiwallah #PremiumSweets #IndianSweets #Mithai #HandcraftedSweets #LuxuryPackaging #GiftBox #Unboxing #PackagingDesign #SatisfyingVideo #Diwali2026 #FestiveGifting #DiwaliSweets #FestiveHampers #Prayagraj #PrayagrajFood #Allahabad #UttarPradesh","Navratri begins","Family & festive moments; weekend order cut-off reminder","#11","planned"
"12","2026-10-12","19:30","1","Photo","Corporate gifting","What planning ahead looks like","When you plan eight weeks ahead, dispatch day looks like this.","HR & admin teams: DM “DIWALI” for the catalogue.","#Mithaiwallah #PremiumSweets #IndianSweets #Mithai #HandcraftedSweets #CorporateGifting #CorporateGiftsIndia #DiwaliGifting #EmployeeGifts #ClientGifts #Diwali2026 #FestiveGifting #DiwaliSweets #FestiveHampers","","Poll: “Which sweet are you?” + link sticker to /sweets","#12","planned"
"13","2026-10-13","19:30","1","Reel","Customer testimonials & reactions","Open it without knowing what’s inside","We handed strangers a box and said nothing.","Would you open it on camera? Tell us who to surprise next.","#Mithaiwallah #PremiumSweets #IndianSweets #Mithai #HandcraftedSweets #Prayagraj #PrayagrajFood #Allahabad #UttarPradesh #LuxuryPackaging #GiftBox #Unboxing #PackagingDesign #SatisfyingVideo","","Behind the scenes: kitchen clips, halwai at work","#13","planned"
"14","2026-10-14","19:30","1","Carousel","Packaging","Anatomy of a Mithaiwallah gift box","Everything that goes into a box before the sweets do.","Save for your next gifting brief.","#Mithaiwallah #PremiumSweets #IndianSweets #Mithai #HandcraftedSweets #LuxuryPackaging #GiftBox #Unboxing #PackagingDesign #SatisfyingVideo #CorporateGifting #CorporateGiftsIndia #DiwaliGifting #EmployeeGifts #ClientGifts","","Question box: “Ask us anything about mithai / gifting”","#14","planned"
"15","2026-10-15","19:30","1","Photo","Sweet-making process","Silver varq, one sheet at a time","The quiet one on the platter.","Double-tap if malai barfi is underrated.","#Mithaiwallah #PremiumSweets #IndianSweets #Mithai #HandcraftedSweets #MalaiBarfi #SilverVarq #Barfi #SweetMaking #Halwai #SlowFood #FoodASMR #MadeByHand","","Order reminder + link sticker; countdown sticker near festivals","#15","planned"
"16","2026-10-16","19:30","1","Reel","Sweet-making process","Kunda: milk, taken to its darkest","Most sweetmakers stop here. We keep going.","Comment “KUNDA” if you’ve never tried it — we’ll tell you where to start.","#Mithaiwallah #PremiumSweets #IndianSweets #Mithai #HandcraftedSweets #Kunda #CaramelisedMilk #SweetMaking #Halwai #SlowFood #FoodASMR #MadeByHand","","Reshare customer stories and unboxings (with permission)","#16","planned"
"17","2026-10-17","19:30","1","Carousel","Corporate gifting","The Diwali gifting checklist for HR teams","HR teams: screenshot this before your Diwali meeting.","DM “CHECKLIST” and we’ll send the corporate catalogue.","#Mithaiwallah #PremiumSweets #IndianSweets #Mithai #HandcraftedSweets #CorporateGifting #CorporateGiftsIndia #DiwaliGifting #EmployeeGifts #ClientGifts #Diwali2026 #FestiveGifting #DiwaliSweets #FestiveHampers","","Founder takeover: 3–5 frames, face to camera","#17","planned"
"18","2026-10-18","19:30","1","Photo","Founder journey","The founder, in the kitchen","“[One-line founder quote — true and specific].”","Ask the founder anything 👇","#Mithaiwallah #PremiumSweets #IndianSweets #Mithai #HandcraftedSweets #FounderStory #MadeInIndia #VocalForLocal #SmallBusinessIndia #Prayagraj #PrayagrajFood #Allahabad #UttarPradesh","","Family & festive moments; weekend order cut-off reminder","#18","planned"
"19","2026-10-19","19:30","1","Reel","Packaging","Your logo, in gold — watch it happen","Your logo, in gold. Watch it happen.","DM “LOGO” to see your brand on a Mithaiwallah box.","#Mithaiwallah #PremiumSweets #IndianSweets #Mithai #HandcraftedSweets #LuxuryPackaging #GiftBox #Unboxing #PackagingDesign #SatisfyingVideo #CorporateGifting #CorporateGiftsIndia #DiwaliGifting #EmployeeGifts #ClientGifts","","Poll: “Which sweet are you?” + link sticker to /sweets","#19","planned"
"20","2026-10-20","19:30","1","Carousel","Customer testimonials & reactions","Dussehra: who are you sharing this box with?","Victory tastes sweeter shared.","Tag someone · Follow · Share to stories.","#Mithaiwallah #PremiumSweets #IndianSweets #Mithai #HandcraftedSweets #Diwali2026 #FestiveGifting #DiwaliSweets #FestiveHampers #Prayagraj #PrayagrajFood #Allahabad #UttarPradesh","Dussehra","Behind the scenes: kitchen clips, halwai at work","#20","planned"
"21","2026-10-21","19:30","1","Photo","Wedding gifting","The invitation that arrives with sweets","Some invitations you read. This one you taste.","DM “WEDDING” to plan your invitation boxes.","#Mithaiwallah #PremiumSweets #IndianSweets #Mithai #HandcraftedSweets #WeddingGifts #WeddingHampers #ReturnGifts #IndianWedding #ShaadiSeason #WeddingFavours","","Question box: “Ask us anything about mithai / gifting”","#21","planned"
"22","2026-10-22","19:30","1","Reel","Sweet-making process","Count the almonds","Count the almonds. We dare you.","Comment your count 👇","#Mithaiwallah #PremiumSweets #IndianSweets #Mithai #HandcraftedSweets #MilkCake #AlwarKaMawa #DesiGhee #SweetMaking #Halwai #SlowFood #FoodASMR #MadeByHand","","Order reminder + link sticker; countdown sticker near festivals","#22","planned"
"23","2026-10-23","19:30","1","Carousel","Wedding gifting","How many boxes does your wedding need?","Planning a wedding? Save this before you order a single box.","Save + send to the person managing the guest list.","#Mithaiwallah #PremiumSweets #IndianSweets #Mithai #HandcraftedSweets #WeddingGifts #WeddingHampers #ReturnGifts #IndianWedding #ShaadiSeason #WeddingFavours","","Reshare customer stories and unboxings (with permission)","#23","planned"
"24","2026-10-24","19:30","1","Photo","Sweet-making process","The hands behind every box","The hands behind every box.","Say hello to [name] in the comments 🙏","#Mithaiwallah #PremiumSweets #IndianSweets #Mithai #HandcraftedSweets #SweetMaking #Halwai #SlowFood #FoodASMR #MadeByHand #Prayagraj #PrayagrajFood #Allahabad #UttarPradesh","","Founder takeover: 3–5 frames, face to camera","#24","planned"
"25","2026-10-25","19:30","1","Reel","Wedding gifting","Building a wedding hamper","Building a wedding hamper for [A & R] (with their permission).","DM “WEDDING” to design yours.","#Mithaiwallah #PremiumSweets #IndianSweets #Mithai #HandcraftedSweets #WeddingGifts #WeddingHampers #ReturnGifts #IndianWedding #ShaadiSeason #WeddingFavours #LuxuryPackaging #GiftBox #Unboxing #PackagingDesign #SatisfyingVideo","","Family & festive moments; weekend order cut-off reminder","#25","planned"
"26","2026-10-26","19:30","1","Carousel","Sweet-making process","From milk to milk cake in 7 steps","From milk to milk cake, in 7 steps.","Save and share with someone who thinks milk cake is “just a sweet.”","#Mithaiwallah #PremiumSweets #IndianSweets #Mithai #HandcraftedSweets #SweetMaking #Halwai #SlowFood #FoodASMR #MadeByHand #MilkCake #AlwarKaMawa #DesiGhee","","Poll: “Which sweet are you?” + link sticker to /sweets","#26","planned"
"27","2026-10-27","19:30","1","Photo","Packaging","The Royal Trunk","For the relationships that matter most.","For leadership and key-client gifting — DM “ROYAL”.","#Mithaiwallah #PremiumSweets #IndianSweets #Mithai #HandcraftedSweets #LuxuryPackaging #GiftBox #Unboxing #PackagingDesign #SatisfyingVideo #CorporateGifting #CorporateGiftsIndia #DiwaliGifting #EmployeeGifts #ClientGifts #WeddingGifts #WeddingHampers #ReturnGifts #IndianWedding #ShaadiSeason #WeddingFavours","","Behind the scenes: kitchen clips, halwai at work","#27","planned"
"28","2026-10-28","19:30","1","Reel","Founder journey","Three things I will never compromise on","Three things I will never compromise on.","What’s your non-negotiable in your work? Tell me below.","#Mithaiwallah #PremiumSweets #IndianSweets #Mithai #HandcraftedSweets #FounderStory #MadeInIndia #VocalForLocal #SmallBusinessIndia #SweetMaking #Halwai #SlowFood #FoodASMR #MadeByHand","","Question box: “Ask us anything about mithai / gifting”","#28","planned"
"29","2026-10-29","19:30","1","Carousel","Packaging","Last week to book branded Diwali orders","Karva Chauth today. Diwali in 10 days. Have you ordered?","DM “DIWALI” · Link in bio.","#Mithaiwallah #PremiumSweets #IndianSweets #Mithai #HandcraftedSweets #Diwali2026 #FestiveGifting #DiwaliSweets #FestiveHampers #LuxuryPackaging #GiftBox #Unboxing #PackagingDesign #SatisfyingVideo #CorporateGifting #CorporateGiftsIndia #DiwaliGifting #EmployeeGifts #ClientGifts","Karva Chauth","Order reminder + link sticker; countdown sticker near festivals","#29","planned"
"30","2026-10-30","19:30","1","Photo","Sweet-making process","The Diwali thali","Nine days to Diwali.","Order your festive box — link in bio.","#Mithaiwallah #PremiumSweets #IndianSweets #Mithai #HandcraftedSweets #Diwali2026 #FestiveGifting #DiwaliSweets #FestiveHampers #Prayagraj #PrayagrajFood #Allahabad #UttarPradesh","","Reshare customer stories and unboxings (with permission)","#30","planned"
"31","2026-10-31","19:30","1","Carousel","Wedding gifting","Wedding planner collab: 3 favour trends","3 wedding favour trends planners love this season.","DM “WEDDING” for the catalogue","#Mithaiwallah #PremiumSweets #IndianSweets #Mithai #HandcraftedSweets #WeddingGifts #WeddingHampers #ReturnGifts #IndianWedding #ShaadiSeason #WeddingFavours","","Founder takeover: 3–5 frames, face to camera","","planned"
"32","2026-11-01","12:30","1","Reel","Sweet-making process","Milk Cake: slow-motion pour & first stir","Watch this milk turn into Milk Cake.","Save + follow for the process","#Mithaiwallah #PremiumSweets #IndianSweets #Mithai #HandcraftedSweets #SweetMaking #Halwai #SlowFood #FoodASMR #MadeByHand #Prayagraj #PrayagrajFood #Allahabad #UttarPradesh","","Family & festive moments; weekend order cut-off reminder","","planned"
"32","2026-11-01","20:00","2","Carousel","Packaging","Custom sleeve printing: proof → final","From proof to box in 4 slides.","DM to order · link in bio","#Mithaiwallah #PremiumSweets #IndianSweets #Mithai #HandcraftedSweets #LuxuryPackaging #GiftBox #Unboxing #PackagingDesign #SatisfyingVideo","","","","planned"
"33","2026-11-02","12:30","1","Reel","Sweet-making process","Milk Cake: the cut reveal","The cut you didn’t know you needed.","Save + follow for the process","#Mithaiwallah #PremiumSweets #IndianSweets #Mithai #HandcraftedSweets #SweetMaking #Halwai #SlowFood #FoodASMR #MadeByHand #Prayagraj #PrayagrajFood #Allahabad #UttarPradesh","","Poll: “Which sweet are you?” + link sticker to /sweets","","planned"
"33","2026-11-02","20:00","2","Carousel","Corporate gifting","Three gifting tiers explained","Team, leadership, key clients: how to budget.","DM “DIWALI” / “GIFTING” for the catalogue","#Mithaiwallah #PremiumSweets #IndianSweets #Mithai #HandcraftedSweets #CorporateGifting #CorporateGiftsIndia #DiwaliGifting #EmployeeGifts #ClientGifts","","","","planned"
"34","2026-11-03","12:30","1","Reel","Founder journey","A day in the founder’s life in Diwali week","Diwali week, as a sweets founder.","Ask the founder anything","#Mithaiwallah #PremiumSweets #IndianSweets #Mithai #HandcraftedSweets #FounderStory #MadeInIndia #VocalForLocal #SmallBusinessIndia #Prayagraj #PrayagrajFood #Allahabad #UttarPradesh","","Behind the scenes: kitchen clips, halwai at work","","planned"
"34","2026-11-03","20:00","2","Carousel","Sweet-making process","Milk Cake: how to serve it","3 ways to serve Milk Cake like a host.","Save + follow for the process","#Mithaiwallah #PremiumSweets #IndianSweets #Mithai #HandcraftedSweets #SweetMaking #Halwai #SlowFood #FoodASMR #MadeByHand #Prayagraj #PrayagrajFood #Allahabad #UttarPradesh","","","","planned"
"35","2026-11-04","12:30","1","Reel","Wedding gifting","Monogram reveal on a return-gift box","Their initials, in gold.","DM “WEDDING” for the catalogue","#Mithaiwallah #PremiumSweets #IndianSweets #Mithai #HandcraftedSweets #WeddingGifts #WeddingHampers #ReturnGifts #IndianWedding #ShaadiSeason #WeddingFavours","","Question box: “Ask us anything about mithai / gifting”","","planned"
"35","2026-11-04","20:00","2","Carousel","Packaging","Tray layouts: 4, 6 or 9 cavities","Pick your layout.","DM to order · link in bio","#Mithaiwallah #PremiumSweets #IndianSweets #Mithai #HandcraftedSweets #LuxuryPackaging #GiftBox #Unboxing #PackagingDesign #SatisfyingVideo","","","","planned"
"36","2026-11-05","12:30","1","Reel","Sweet-making process","Milk Cake: garnish close-up","The finishing touch on Milk Cake.","Save + follow for the process","#Mithaiwallah #PremiumSweets #IndianSweets #Mithai #HandcraftedSweets #SweetMaking #Halwai #SlowFood #FoodASMR #MadeByHand #Prayagraj #PrayagrajFood #Allahabad #UttarPradesh","","Order reminder + link sticker; countdown sticker near festivals","","planned"
"36","2026-11-05","20:00","2","Carousel","Sweet-making process","Milk Cake: ingredient story","What actually goes into Milk Cake.","Save + follow for the process","#Mithaiwallah #PremiumSweets #IndianSweets #Mithai #HandcraftedSweets #SweetMaking #Halwai #SlowFood #FoodASMR #MadeByHand #Prayagraj #PrayagrajFood #Allahabad #UttarPradesh","","","","planned"
"37","2026-11-06","12:30","1","Reel","Packaging","Dhanteras: the gold in every box","The only gold you can eat.","DM to order · link in bio","#Mithaiwallah #PremiumSweets #IndianSweets #Mithai #HandcraftedSweets #LuxuryPackaging #GiftBox #Unboxing #PackagingDesign #SatisfyingVideo #Diwali2026 #FestiveGifting #DiwaliSweets #FestiveHampers","Dhanteras","Reshare customer stories and unboxings (with permission)","","planned"
"37","2026-11-06","20:00","2","Carousel","Wedding gifting","Destination-wedding hamper packing","How we ship hampers to a destination wedding.","DM “WEDDING” for the catalogue","#Mithaiwallah #PremiumSweets #IndianSweets #Mithai #HandcraftedSweets #WeddingGifts #WeddingHampers #ReturnGifts #IndianWedding #ShaadiSeason #WeddingFavours","","","","planned"
"38","2026-11-07","12:30","1","Reel","Sweet-making process","Milk Cake: texture macro (ASMR)","Sound on. This is Milk Cake.","Save + follow for the process","#Mithaiwallah #PremiumSweets #IndianSweets #Mithai #HandcraftedSweets #SweetMaking #Halwai #SlowFood #FoodASMR #MadeByHand #Prayagraj #PrayagrajFood #Allahabad #UttarPradesh","","Founder takeover: 3–5 frames, face to camera","","planned"
"38","2026-11-07","20:00","2","Carousel","Corporate gifting","Corporate gifting FAQ","Your corporate gifting questions, answered.","DM “DIWALI” / “GIFTING” for the catalogue","#Mithaiwallah #PremiumSweets #IndianSweets #Mithai #HandcraftedSweets #CorporateGifting #CorporateGiftsIndia #DiwaliGifting #EmployeeGifts #ClientGifts","","","","planned"
"39","2026-11-08","12:30","1","Reel","Sweet-making process","Happy Diwali from the Mithaiwallah kitchen","From our kadhai to your thali — Happy Diwali.","Save + follow for the process","#Mithaiwallah #PremiumSweets #IndianSweets #Mithai #HandcraftedSweets #SweetMaking #Halwai #SlowFood #FoodASMR #MadeByHand #Prayagraj #PrayagrajFood #Allahabad #UttarPradesh #Diwali2026 #FestiveGifting #DiwaliSweets #FestiveHampers","Diwali","Family & festive moments; weekend order cut-off reminder","","planned"
"39","2026-11-08","20:00","2","Carousel","Founder journey","Prayagraj roots","Why Prayagraj.","Ask the founder anything","#Mithaiwallah #PremiumSweets #IndianSweets #Mithai #HandcraftedSweets #FounderStory #MadeInIndia #VocalForLocal #SmallBusinessIndia #Prayagraj #PrayagrajFood #Allahabad #UttarPradesh","","","","planned"
"40","2026-11-09","12:30","1","Reel","Packaging","ASMR box packing — a different sweet each time","Packed by hand. Sound on.","DM to order · link in bio","#Mithaiwallah #PremiumSweets #IndianSweets #Mithai #HandcraftedSweets #LuxuryPackaging #GiftBox #Unboxing #PackagingDesign #SatisfyingVideo","","Poll: “Which sweet are you?” + link sticker to /sweets","","planned"
"40","2026-11-09","20:00","2","Carousel","Sweet-making process","Milk Cake: myth vs fact","Milk Cake: 4 things people get wrong.","Save + follow for the process","#Mithaiwallah #PremiumSweets #IndianSweets #Mithai #HandcraftedSweets #SweetMaking #Halwai #SlowFood #FoodASMR #MadeByHand #Prayagraj #PrayagrajFood #Allahabad #UttarPradesh","","","","planned"
"41","2026-11-10","12:30","1","Photo","Packaging","Bhai Dooj sibling box","For the sibling who still steals your sweets.","DM to order · link in bio","#Mithaiwallah #PremiumSweets #IndianSweets #Mithai #HandcraftedSweets #LuxuryPackaging #GiftBox #Unboxing #PackagingDesign #SatisfyingVideo #Diwali2026 #FestiveGifting #DiwaliSweets #FestiveHampers","Bhai Dooj (10–11 Nov by region)","Behind the scenes: kitchen clips, halwai at work","","planned"
"41","2026-11-10","20:00","2","Carousel","Wedding gifting","Wedding sweets by ceremony: roka to bidaai","A box for every ceremony.","DM “WEDDING” for the catalogue","#Mithaiwallah #PremiumSweets #IndianSweets #Mithai #HandcraftedSweets #WeddingGifts #WeddingHampers #ReturnGifts #IndianWedding #ShaadiSeason #WeddingFavours","","","","planned"
"42","2026-11-11","19:30","1","Photo","Sweet-making process","Milk Cake: hero still","Milk Cake. That’s it. That’s the post.","Save + follow for the process","#Mithaiwallah #PremiumSweets #IndianSweets #Mithai #HandcraftedSweets #SweetMaking #Halwai #SlowFood #FoodASMR #MadeByHand #Prayagraj #PrayagrajFood #Allahabad #UttarPradesh","","Question box: “Ask us anything about mithai / gifting”","","planned"
"43","2026-11-12","19:30","1","Carousel","Customer testimonials & reactions","DM screenshots (with permission, names hidden)","Messages that made our week.","Tag someone · share your unboxing","#Mithaiwallah #PremiumSweets #IndianSweets #Mithai #HandcraftedSweets #Prayagraj #PrayagrajFood #Allahabad #UttarPradesh","","Order reminder + link sticker; countdown sticker near festivals","","planned"
"44","2026-11-13","19:30","1","Reel","Sweet-making process","Milk Cake: halwai’s tip","A halwai’s secret for perfect Milk Cake.","Save + follow for the process","#Mithaiwallah #PremiumSweets #IndianSweets #Mithai #HandcraftedSweets #SweetMaking #Halwai #SlowFood #FoodASMR #MadeByHand #Prayagraj #PrayagrajFood #Allahabad #UttarPradesh","","Reshare customer stories and unboxings (with permission)","","planned"
"45","2026-11-14","19:30","1","Photo","Corporate gifting","Employee milestone gifting","Work anniversaries deserve better than an email.","DM “DIWALI” / “GIFTING” for the catalogue","#Mithaiwallah #PremiumSweets #IndianSweets #Mithai #HandcraftedSweets #CorporateGifting #CorporateGiftsIndia #DiwaliGifting #EmployeeGifts #ClientGifts","","Founder takeover: 3–5 frames, face to camera","","planned"
"46","2026-11-15","19:30","1","Carousel","Founder journey","Meet the team","The people behind every box.","Ask the founder anything","#Mithaiwallah #PremiumSweets #IndianSweets #Mithai #HandcraftedSweets #FounderStory #MadeInIndia #VocalForLocal #SmallBusinessIndia #Prayagraj #PrayagrajFood #Allahabad #UttarPradesh","","Family & festive moments; weekend order cut-off reminder","","planned"
"47","2026-11-16","19:30","1","Reel","Sweet-making process","Kalakand: slow-motion pour & first stir","Watch this milk turn into Kalakand.","Save + follow for the process","#Mithaiwallah #PremiumSweets #IndianSweets #Mithai #HandcraftedSweets #SweetMaking #Halwai #SlowFood #FoodASMR #MadeByHand #Prayagraj #PrayagrajFood #Allahabad #UttarPradesh","","Poll: “Which sweet are you?” + link sticker to /sweets","","planned"
"48","2026-11-17","19:30","1","Photo","Wedding gifting","Baraat box","For the baraat.","DM “WEDDING” for the catalogue","#Mithaiwallah #PremiumSweets #IndianSweets #Mithai #HandcraftedSweets #WeddingGifts #WeddingHampers #ReturnGifts #IndianWedding #ShaadiSeason #WeddingFavours","","Behind the scenes: kitchen clips, halwai at work","","planned"
"49","2026-11-18","19:30","1","Carousel","Packaging","Packing for a 1,500 km journey","How our sweets survive a 1,500 km journey.","DM to order · link in bio","#Mithaiwallah #PremiumSweets #IndianSweets #Mithai #HandcraftedSweets #LuxuryPackaging #GiftBox #Unboxing #PackagingDesign #SatisfyingVideo","","Question box: “Ask us anything about mithai / gifting”","","planned"
"50","2026-11-19","19:30","1","Reel","Sweet-making process","Kalakand: the cut reveal","The cut you didn’t know you needed.","Save + follow for the process","#Mithaiwallah #PremiumSweets #IndianSweets #Mithai #HandcraftedSweets #SweetMaking #Halwai #SlowFood #FoodASMR #MadeByHand #Prayagraj #PrayagrajFood #Allahabad #UttarPradesh","","Order reminder + link sticker; countdown sticker near festivals","","planned"
"51","2026-11-20","19:30","1","Photo","Sweet-making process","Kalakand: hero still","Kalakand. That’s it. That’s the post.","Save + follow for the process","#Mithaiwallah #PremiumSweets #IndianSweets #Mithai #HandcraftedSweets #SweetMaking #Halwai #SlowFood #FoodASMR #MadeByHand #Prayagraj #PrayagrajFood #Allahabad #UttarPradesh","","Reshare customer stories and unboxings (with permission)","","planned"
"52","2026-11-21","19:30","1","Carousel","Packaging","Box colour stories: maroon, ivory, gold","Three colours, three moods.","DM to order · link in bio","#Mithaiwallah #PremiumSweets #IndianSweets #Mithai #HandcraftedSweets #LuxuryPackaging #GiftBox #Unboxing #PackagingDesign #SatisfyingVideo","","Founder takeover: 3–5 frames, face to camera","","planned"
"53","2026-11-22","19:30","1","Reel","Wedding gifting","Return-gift table set-up at a venue","The last thing guests see before they leave.","DM “WEDDING” for the catalogue","#Mithaiwallah #PremiumSweets #IndianSweets #Mithai #HandcraftedSweets #WeddingGifts #WeddingHampers #ReturnGifts #IndianWedding #ShaadiSeason #WeddingFavours","","Family & festive moments; weekend order cut-off reminder","","planned"
"54","2026-11-23","19:30","1","Photo","Sweet-making process","Malai Barfi: hero still","Malai Barfi. That’s it. That’s the post.","Save + follow for the process","#Mithaiwallah #PremiumSweets #IndianSweets #Mithai #HandcraftedSweets #SweetMaking #Halwai #SlowFood #FoodASMR #MadeByHand #Prayagraj #PrayagrajFood #Allahabad #UttarPradesh","","Poll: “Which sweet are you?” + link sticker to /sweets","","planned"
"55","2026-11-24","19:30","1","Carousel","Corporate gifting","New Year client gifting","The client gift that isn’t another diary.","DM “DIWALI” / “GIFTING” for the catalogue","#Mithaiwallah #PremiumSweets #IndianSweets #Mithai #HandcraftedSweets #CorporateGifting #CorporateGiftsIndia #DiwaliGifting #EmployeeGifts #ClientGifts","","Behind the scenes: kitchen clips, halwai at work","","planned"
"56","2026-11-25","19:30","1","Reel","Founder journey","Biggest mistake so far","The mistake that cost us [x] — and what we changed.","Ask the founder anything","#Mithaiwallah #PremiumSweets #IndianSweets #Mithai #HandcraftedSweets #FounderStory #MadeInIndia #VocalForLocal #SmallBusinessIndia #Prayagraj #PrayagrajFood #Allahabad #UttarPradesh","","Question box: “Ask us anything about mithai / gifting”","","planned"
"57","2026-11-26","19:30","1","Photo","Sweet-making process","Peda: hero still","Peda. That’s it. That’s the post.","Save + follow for the process","#Mithaiwallah #PremiumSweets #IndianSweets #Mithai #HandcraftedSweets #SweetMaking #Halwai #SlowFood #FoodASMR #MadeByHand #Prayagraj #PrayagrajFood #Allahabad #UttarPradesh","","Order reminder + link sticker; countdown sticker near festivals","","planned"
"58","2026-11-27","19:30","1","Carousel","Packaging","Sustainable choices in our packaging","What happens to your box after the sweets are gone.","DM to order · link in bio","#Mithaiwallah #PremiumSweets #IndianSweets #Mithai #HandcraftedSweets #LuxuryPackaging #GiftBox #Unboxing #PackagingDesign #SatisfyingVideo","","Reshare customer stories and unboxings (with permission)","","planned"
"59","2026-11-28","19:30","1","Reel","Sweet-making process","Kalakand: garnish close-up","The finishing touch on Kalakand.","Save + follow for the process","#Mithaiwallah #PremiumSweets #IndianSweets #Mithai #HandcraftedSweets #SweetMaking #Halwai #SlowFood #FoodASMR #MadeByHand #Prayagraj #PrayagrajFood #Allahabad #UttarPradesh","","Founder takeover: 3–5 frames, face to camera","","planned"
"60","2026-11-29","19:30","1","Photo","Wedding gifting","Shagun box with envelope slot","Shagun, sweetened.","DM “WEDDING” for the catalogue","#Mithaiwallah #PremiumSweets #IndianSweets #Mithai #HandcraftedSweets #WeddingGifts #WeddingHampers #ReturnGifts #IndianWedding #ShaadiSeason #WeddingFavours","","Family & festive moments; weekend order cut-off reminder","","planned"
"61","2026-11-30","08:30","1","Reel","Customer testimonials & reactions","Client reaction video (with consent)","We asked [client] what their team said.","Tag someone · share your unboxing","#Mithaiwallah #PremiumSweets #IndianSweets #Mithai #HandcraftedSweets #Prayagraj #PrayagrajFood #Allahabad #UttarPradesh","","Poll: “Which sweet are you?” + link sticker to /sweets","","planned"
"61","2026-11-30","13:00","2","Reel","Sweet-making process","Kalakand: texture macro (ASMR)","Sound on. This is Kalakand.","Save + follow for the process","#Mithaiwallah #PremiumSweets #IndianSweets #Mithai #HandcraftedSweets #SweetMaking #Halwai #SlowFood #FoodASMR #MadeByHand #Prayagraj #PrayagrajFood #Allahabad #UttarPradesh","","","","planned"
"61","2026-11-30","20:00","3","Carousel","Packaging","Ribbon-tying close-up (as carousel)","One ribbon. Zero shortcuts.","DM to order · link in bio","#Mithaiwallah #PremiumSweets #IndianSweets #Mithai #HandcraftedSweets #LuxuryPackaging #GiftBox #Unboxing #PackagingDesign #SatisfyingVideo","","","","planned"
"62","2026-12-01","08:30","1","Reel","Sweet-making process","Kalakand: halwai’s tip","A halwai’s secret for perfect Kalakand.","Save + follow for the process","#Mithaiwallah #PremiumSweets #IndianSweets #Mithai #HandcraftedSweets #SweetMaking #Halwai #SlowFood #FoodASMR #MadeByHand #Prayagraj #PrayagrajFood #Allahabad #UttarPradesh","","Behind the scenes: kitchen clips, halwai at work","","planned"
"62","2026-12-01","13:00","2","Reel","Corporate gifting","Logo proof → foil → finished box","From your logo file to this.","DM “DIWALI” / “GIFTING” for the catalogue","#Mithaiwallah #PremiumSweets #IndianSweets #Mithai #HandcraftedSweets #CorporateGifting #CorporateGiftsIndia #DiwaliGifting #EmployeeGifts #ClientGifts","","","","planned"
"62","2026-12-01","20:00","3","Carousel","Founder journey","Lessons from the first festive season","What our first Diwali taught us.","Ask the founder anything","#Mithaiwallah #PremiumSweets #IndianSweets #Mithai #HandcraftedSweets #FounderStory #MadeInIndia #VocalForLocal #SmallBusinessIndia #Prayagraj #PrayagrajFood #Allahabad #UttarPradesh","","","","planned"
"63","2026-12-02","08:30","1","Reel","Sweet-making process","Malai Barfi: slow-motion pour & first stir","Watch this milk turn into Malai Barfi.","Save + follow for the process","#Mithaiwallah #PremiumSweets #IndianSweets #Mithai #HandcraftedSweets #SweetMaking #Halwai #SlowFood #FoodASMR #MadeByHand #Prayagraj #PrayagrajFood #Allahabad #UttarPradesh","","Question box: “Ask us anything about mithai / gifting”","","planned"
"63","2026-12-02","13:00","2","Reel","Wedding gifting","Colour-matching session with a bride’s family","Matching the lehenga, one ribbon at a time.","DM “WEDDING” for the catalogue","#Mithaiwallah #PremiumSweets #IndianSweets #Mithai #HandcraftedSweets #WeddingGifts #WeddingHampers #ReturnGifts #IndianWedding #ShaadiSeason #WeddingFavours","","","","planned"
"63","2026-12-02","20:00","3","Carousel","Packaging","Foil logo stamping for a (consenting) client (as carousel)","This logo just went gold.","DM to order · link in bio","#Mithaiwallah #PremiumSweets #IndianSweets #Mithai #HandcraftedSweets #LuxuryPackaging #GiftBox #Unboxing #PackagingDesign #SatisfyingVideo","","","","planned"
"64","2026-12-03","08:30","1","Reel","Sweet-making process","Malai Barfi: the cut reveal","The cut you didn’t know you needed.","Save + follow for the process","#Mithaiwallah #PremiumSweets #IndianSweets #Mithai #HandcraftedSweets #SweetMaking #Halwai #SlowFood #FoodASMR #MadeByHand #Prayagraj #PrayagrajFood #Allahabad #UttarPradesh","","Order reminder + link sticker; countdown sticker near festivals","","planned"
"64","2026-12-03","13:00","2","Reel","Sweet-making process","Malai Barfi: garnish close-up","The finishing touch on Malai Barfi.","Save + follow for the process","#Mithaiwallah #PremiumSweets #IndianSweets #Mithai #HandcraftedSweets #SweetMaking #Halwai #SlowFood #FoodASMR #MadeByHand #Prayagraj #PrayagrajFood #Allahabad #UttarPradesh","","","","planned"
"64","2026-12-03","20:00","3","Carousel","Packaging","Dispatch day, city by city (as carousel)","Where are these boxes going?","DM to order · link in bio","#Mithaiwallah #PremiumSweets #IndianSweets #Mithai #HandcraftedSweets #LuxuryPackaging #GiftBox #Unboxing #PackagingDesign #SatisfyingVideo","","","","planned"
"65","2026-12-04","08:30","1","Reel","Wedding gifting","Tasting session with two families","The happiest hour of wedding planning.","DM “WEDDING” for the catalogue","#Mithaiwallah #PremiumSweets #IndianSweets #Mithai #HandcraftedSweets #WeddingGifts #WeddingHampers #ReturnGifts #IndianWedding #ShaadiSeason #WeddingFavours","","Reshare customer stories and unboxings (with permission)","","planned"
"65","2026-12-04","13:00","2","Reel","Sweet-making process","Malai Barfi: texture macro (ASMR)","Sound on. This is Malai Barfi.","Save + follow for the process","#Mithaiwallah #PremiumSweets #IndianSweets #Mithai #HandcraftedSweets #SweetMaking #Halwai #SlowFood #FoodASMR #MadeByHand #Prayagraj #PrayagrajFood #Allahabad #UttarPradesh","","","","planned"
"65","2026-12-04","20:00","3","Carousel","Corporate gifting","Plan next Diwali now: the 2027 early-bird list","Next Diwali, without the panic.","DM “DIWALI” / “GIFTING” for the catalogue","#Mithaiwallah #PremiumSweets #IndianSweets #Mithai #HandcraftedSweets #CorporateGifting #CorporateGiftsIndia #DiwaliGifting #EmployeeGifts #ClientGifts","","","","planned"
"66","2026-12-05","08:30","1","Reel","Founder journey","Founder Q&A from comments","You asked. I answered.","Ask the founder anything","#Mithaiwallah #PremiumSweets #IndianSweets #Mithai #HandcraftedSweets #FounderStory #MadeInIndia #VocalForLocal #SmallBusinessIndia #Prayagraj #PrayagrajFood #Allahabad #UttarPradesh","","Founder takeover: 3–5 frames, face to camera","","planned"
"66","2026-12-05","13:00","2","Reel","Sweet-making process","Malai Barfi: halwai’s tip","A halwai’s secret for perfect Malai Barfi.","Save + follow for the process","#Mithaiwallah #PremiumSweets #IndianSweets #Mithai #HandcraftedSweets #SweetMaking #Halwai #SlowFood #FoodASMR #MadeByHand #Prayagraj #PrayagrajFood #Allahabad #UttarPradesh","","","","planned"
"66","2026-12-05","20:00","3","Carousel","Packaging","Unboxing POV (as carousel)","POV: this just arrived at your desk.","DM to order · link in bio","#Mithaiwallah #PremiumSweets #IndianSweets #Mithai #HandcraftedSweets #LuxuryPackaging #GiftBox #Unboxing #PackagingDesign #SatisfyingVideo","","","","planned"
"67","2026-12-06","08:30","1","Reel","Sweet-making process","Peda: slow-motion pour & first stir","Watch this milk turn into Peda.","Save + follow for the process","#Mithaiwallah #PremiumSweets #IndianSweets #Mithai #HandcraftedSweets #SweetMaking #Halwai #SlowFood #FoodASMR #MadeByHand #Prayagraj #PrayagrajFood #Allahabad #UttarPradesh","","Family & festive moments; weekend order cut-off reminder","","planned"
"67","2026-12-06","13:00","2","Reel","Wedding gifting","Wedding season is open","Shaadi season starts now.","DM “WEDDING” for the catalogue","#Mithaiwallah #PremiumSweets #IndianSweets #Mithai #HandcraftedSweets #WeddingGifts #WeddingHampers #ReturnGifts #IndianWedding #ShaadiSeason #WeddingFavours","","","","planned"
"67","2026-12-06","20:00","3","Carousel","Customer testimonials & reactions","Planner review (as carousel)","“[Real quote].”","Tag someone · share your unboxing","#Mithaiwallah #PremiumSweets #IndianSweets #Mithai #HandcraftedSweets #Prayagraj #PrayagrajFood #Allahabad #UttarPradesh","","","","planned"
"68","2026-12-07","08:30","1","Reel","Sweet-making process","Peda: the cut reveal","The cut you didn’t know you needed.","Save + follow for the process","#Mithaiwallah #PremiumSweets #IndianSweets #Mithai #HandcraftedSweets #SweetMaking #Halwai #SlowFood #FoodASMR #MadeByHand #Prayagraj #PrayagrajFood #Allahabad #UttarPradesh","","Poll: “Which sweet are you?” + link sticker to /sweets","","planned"
"68","2026-12-07","13:00","2","Reel","Packaging","Writing the message cards","Every card, written like it matters.","DM to order · link in bio","#Mithaiwallah #PremiumSweets #IndianSweets #Mithai #HandcraftedSweets #LuxuryPackaging #GiftBox #Unboxing #PackagingDesign #SatisfyingVideo","","","","planned"
"68","2026-12-07","20:00","3","Carousel","Sweet-making process","Kalakand: how to serve it","3 ways to serve Kalakand like a host.","Save + follow for the process","#Mithaiwallah #PremiumSweets #IndianSweets #Mithai #HandcraftedSweets #SweetMaking #Halwai #SlowFood #FoodASMR #MadeByHand #Prayagraj #PrayagrajFood #Allahabad #UttarPradesh","","","","planned"
"69","2026-12-08","08:30","1","Reel","Corporate gifting","Bulk dispatch time-lapse (real order)","[N] boxes. One afternoon.","DM “DIWALI” / “GIFTING” for the catalogue","#Mithaiwallah #PremiumSweets #IndianSweets #Mithai #HandcraftedSweets #CorporateGifting #CorporateGiftsIndia #DiwaliGifting #EmployeeGifts #ClientGifts","","Behind the scenes: kitchen clips, halwai at work","","planned"
"69","2026-12-08","13:00","2","Reel","Founder journey","Why only six sweets","Why we say no to a hundred sweets.","Ask the founder anything","#Mithaiwallah #PremiumSweets #IndianSweets #Mithai #HandcraftedSweets #FounderStory #MadeInIndia #VocalForLocal #SmallBusinessIndia #Prayagraj #PrayagrajFood #Allahabad #UttarPradesh","","","","planned"
"69","2026-12-08","20:00","3","Carousel","Sweet-making process","Kalakand: ingredient story","What actually goes into Kalakand.","Save + follow for the process","#Mithaiwallah #PremiumSweets #IndianSweets #Mithai #HandcraftedSweets #SweetMaking #Halwai #SlowFood #FoodASMR #MadeByHand #Prayagraj #PrayagrajFood #Allahabad #UttarPradesh","","","","planned"
"70","2026-12-09","08:30","1","Reel","Wedding gifting","Wedding gifting mistakes to avoid (as reel)","5 wedding gifting mistakes (and how to avoid them).","DM “WEDDING” for the catalogue","#Mithaiwallah #PremiumSweets #IndianSweets #Mithai #HandcraftedSweets #WeddingGifts #WeddingHampers #ReturnGifts #IndianWedding #ShaadiSeason #WeddingFavours","","Question box: “Ask us anything about mithai / gifting”","","planned"
"70","2026-12-09","13:00","2","Reel","Packaging","Build-a-box: viewers pick the assortment","You pick, we pack.","DM to order · link in bio","#Mithaiwallah #PremiumSweets #IndianSweets #Mithai #HandcraftedSweets #LuxuryPackaging #GiftBox #Unboxing #PackagingDesign #SatisfyingVideo","","","","planned"
"70","2026-12-09","20:00","3","Carousel","Sweet-making process","Kalakand: myth vs fact","Kalakand: 4 things people get wrong.","Save + follow for the process","#Mithaiwallah #PremiumSweets #IndianSweets #Mithai #HandcraftedSweets #SweetMaking #Halwai #SlowFood #FoodASMR #MadeByHand #Prayagraj #PrayagrajFood #Allahabad #UttarPradesh","","","","planned"
"71","2026-12-10","08:30","1","Reel","Sweet-making process","Peda: garnish close-up","The finishing touch on Peda.","Save + follow for the process","#Mithaiwallah #PremiumSweets #IndianSweets #Mithai #HandcraftedSweets #SweetMaking #Halwai #SlowFood #FoodASMR #MadeByHand #Prayagraj #PrayagrajFood #Allahabad #UttarPradesh","","Order reminder + link sticker; countdown sticker near festivals","","planned"
"71","2026-12-10","13:00","2","Reel","Packaging","Christmas & New Year box reveal","The year-end box is here.","DM to order · link in bio","#Mithaiwallah #PremiumSweets #IndianSweets #Mithai #HandcraftedSweets #LuxuryPackaging #GiftBox #Unboxing #PackagingDesign #SatisfyingVideo","","","","planned"
"71","2026-12-10","20:00","3","Carousel","Wedding gifting","Budgeting wedding boxes","What wedding boxes really cost — and where to save.","DM “WEDDING” for the catalogue","#Mithaiwallah #PremiumSweets #IndianSweets #Mithai #HandcraftedSweets #WeddingGifts #WeddingHampers #ReturnGifts #IndianWedding #ShaadiSeason #WeddingFavours","","","","planned"
"72","2026-12-11","08:30","1","Reel","Sweet-making process","Peda: texture macro (ASMR)","Sound on. This is Peda.","Save + follow for the process","#Mithaiwallah #PremiumSweets #IndianSweets #Mithai #HandcraftedSweets #SweetMaking #Halwai #SlowFood #FoodASMR #MadeByHand #Prayagraj #PrayagrajFood #Allahabad #UttarPradesh","","Reshare customer stories and unboxings (with permission)","","planned"
"72","2026-12-11","13:00","2","Reel","Corporate gifting","Office delivery day","When the Mithaiwallah boxes arrive at the office.","DM “DIWALI” / “GIFTING” for the catalogue","#Mithaiwallah #PremiumSweets #IndianSweets #Mithai #HandcraftedSweets #CorporateGifting #CorporateGiftsIndia #DiwaliGifting #EmployeeGifts #ClientGifts","","","","planned"
"72","2026-12-11","20:00","3","Carousel","Founder journey","Numbers we are proud of (real ones only)","[Real milestone] — thank you.","Ask the founder anything","#Mithaiwallah #PremiumSweets #IndianSweets #Mithai #HandcraftedSweets #FounderStory #MadeInIndia #VocalForLocal #SmallBusinessIndia #Prayagraj #PrayagrajFood #Allahabad #UttarPradesh","","","","planned"
"73","2026-12-12","08:30","1","Reel","Sweet-making process","Peda: halwai’s tip","A halwai’s secret for perfect Peda.","Save + follow for the process","#Mithaiwallah #PremiumSweets #IndianSweets #Mithai #HandcraftedSweets #SweetMaking #Halwai #SlowFood #FoodASMR #MadeByHand #Prayagraj #PrayagrajFood #Allahabad #UttarPradesh","","Founder takeover: 3–5 frames, face to camera","","planned"
"73","2026-12-12","13:00","2","Reel","Packaging","The three collections side by side (as reel)","Classic, Heritage or Royal?","DM to order · link in bio","#Mithaiwallah #PremiumSweets #IndianSweets #Mithai #HandcraftedSweets #LuxuryPackaging #GiftBox #Unboxing #PackagingDesign #SatisfyingVideo","","","","planned"
"73","2026-12-12","20:00","3","Carousel","Sweet-making process","Malai Barfi: how to serve it","3 ways to serve Malai Barfi like a host.","Save + follow for the process","#Mithaiwallah #PremiumSweets #IndianSweets #Mithai #HandcraftedSweets #SweetMaking #Halwai #SlowFood #FoodASMR #MadeByHand #Prayagraj #PrayagrajFood #Allahabad #UttarPradesh","","","","planned"
"74","2026-12-13","08:30","1","Reel","Wedding gifting","Real wedding feature (with the couple’s consent) (as reel)","Inside [couple]’s wedding boxes.","DM “WEDDING” for the catalogue","#Mithaiwallah #PremiumSweets #IndianSweets #Mithai #HandcraftedSweets #WeddingGifts #WeddingHampers #ReturnGifts #IndianWedding #ShaadiSeason #WeddingFavours","","Family & festive moments; weekend order cut-off reminder","","planned"
"74","2026-12-13","13:00","2","Reel","Customer testimonials & reactions","Customer unboxing reshare","Your unboxings are our favourite content.","Tag someone · share your unboxing","#Mithaiwallah #PremiumSweets #IndianSweets #Mithai #HandcraftedSweets #Prayagraj #PrayagrajFood #Allahabad #UttarPradesh","","","","planned"
"74","2026-12-13","20:00","3","Carousel","Sweet-making process","Malai Barfi: ingredient story","What actually goes into Malai Barfi.","Save + follow for the process","#Mithaiwallah #PremiumSweets #IndianSweets #Mithai #HandcraftedSweets #SweetMaking #Halwai #SlowFood #FoodASMR #MadeByHand #Prayagraj #PrayagrajFood #Allahabad #UttarPradesh","","","","planned"
"75","2026-12-14","08:30","1","Reel","Packaging","ASMR box packing — a different sweet each time — take 2","Packed by hand. Sound on.","DM to order · link in bio","#Mithaiwallah #PremiumSweets #IndianSweets #Mithai #HandcraftedSweets #LuxuryPackaging #GiftBox #Unboxing #PackagingDesign #SatisfyingVideo","","Poll: “Which sweet are you?” + link sticker to /sweets","","planned"
"75","2026-12-14","13:00","2","Reel","Sweet-making process","Kunda: slow-motion pour & first stir","Watch this milk turn into Kunda.","Save + follow for the process","#Mithaiwallah #PremiumSweets #IndianSweets #Mithai #HandcraftedSweets #SweetMaking #Halwai #SlowFood #FoodASMR #MadeByHand #Prayagraj #PrayagrajFood #Allahabad #UttarPradesh","","","","planned"
"75","2026-12-14","20:00","3","Carousel","Corporate gifting","Onboarding boxes for new joiners (as carousel)","Day one, sweetened.","DM “DIWALI” / “GIFTING” for the catalogue","#Mithaiwallah #PremiumSweets #IndianSweets #Mithai #HandcraftedSweets #CorporateGifting #CorporateGiftsIndia #DiwaliGifting #EmployeeGifts #ClientGifts","","","","planned"
"76","2026-12-15","08:30","1","Reel","Founder journey","The halwai who taught me","The person who taught me what good mithai is.","Ask the founder anything","#Mithaiwallah #PremiumSweets #IndianSweets #Mithai #HandcraftedSweets #FounderStory #MadeInIndia #VocalForLocal #SmallBusinessIndia #Prayagraj #PrayagrajFood #Allahabad #UttarPradesh","","Behind the scenes: kitchen clips, halwai at work","","planned"
"76","2026-12-15","13:00","2","Reel","Sweet-making process","Kunda: the cut reveal","The cut you didn’t know you needed.","Save + follow for the process","#Mithaiwallah #PremiumSweets #IndianSweets #Mithai #HandcraftedSweets #SweetMaking #Halwai #SlowFood #FoodASMR #MadeByHand #Prayagraj #PrayagrajFood #Allahabad #UttarPradesh","","","","planned"
"76","2026-12-15","20:00","3","Carousel","Wedding gifting","Elders’ box: softer sweets, bigger love (as carousel)","For the elders at the wedding.","DM “WEDDING” for the catalogue","#Mithaiwallah #PremiumSweets #IndianSweets #Mithai #HandcraftedSweets #WeddingGifts #WeddingHampers #ReturnGifts #IndianWedding #ShaadiSeason #WeddingFavours","","","","planned"
"77","2026-12-16","08:30","1","Reel","Packaging","Ribbon-tying close-up — take 2","One ribbon. Zero shortcuts.","DM to order · link in bio","#Mithaiwallah #PremiumSweets #IndianSweets #Mithai #HandcraftedSweets #LuxuryPackaging #GiftBox #Unboxing #PackagingDesign #SatisfyingVideo","","Question box: “Ask us anything about mithai / gifting”","","planned"
"77","2026-12-16","13:00","2","Reel","Sweet-making process","Kunda: garnish close-up","The finishing touch on Kunda.","Save + follow for the process","#Mithaiwallah #PremiumSweets #IndianSweets #Mithai #HandcraftedSweets #SweetMaking #Halwai #SlowFood #FoodASMR #MadeByHand #Prayagraj #PrayagrajFood #Allahabad #UttarPradesh","","","","planned"
"77","2026-12-16","20:00","3","Carousel","Sweet-making process","Malai Barfi: myth vs fact","Malai Barfi: 4 things people get wrong.","Save + follow for the process","#Mithaiwallah #PremiumSweets #IndianSweets #Mithai #HandcraftedSweets #SweetMaking #Halwai #SlowFood #FoodASMR #MadeByHand #Prayagraj #PrayagrajFood #Allahabad #UttarPradesh","","","","planned"
"78","2026-12-17","08:30","1","Reel","Packaging","Foil logo stamping for a (consenting) client — take 2","This logo just went gold.","DM to order · link in bio","#Mithaiwallah #PremiumSweets #IndianSweets #Mithai #HandcraftedSweets #LuxuryPackaging #GiftBox #Unboxing #PackagingDesign #SatisfyingVideo","","Order reminder + link sticker; countdown sticker near festivals","","planned"
"78","2026-12-17","13:00","2","Reel","Wedding gifting","Monogram reveal on a return-gift box — take 2","Their initials, in gold.","DM “WEDDING” for the catalogue","#Mithaiwallah #PremiumSweets #IndianSweets #Mithai #HandcraftedSweets #WeddingGifts #WeddingHampers #ReturnGifts #IndianWedding #ShaadiSeason #WeddingFavours","","","","planned"
"78","2026-12-17","20:00","3","Carousel","Sweet-making process","Peda: how to serve it","3 ways to serve Peda like a host.","Save + follow for the process","#Mithaiwallah #PremiumSweets #IndianSweets #Mithai #HandcraftedSweets #SweetMaking #Halwai #SlowFood #FoodASMR #MadeByHand #Prayagraj #PrayagrajFood #Allahabad #UttarPradesh","","","","planned"
"79","2026-12-18","08:30","1","Reel","Corporate gifting","Logo proof → foil → finished box — take 2","From your logo file to this.","DM “DIWALI” / “GIFTING” for the catalogue","#Mithaiwallah #PremiumSweets #IndianSweets #Mithai #HandcraftedSweets #CorporateGifting #CorporateGiftsIndia #DiwaliGifting #EmployeeGifts #ClientGifts","","Reshare customer stories and unboxings (with permission)","","planned"
"79","2026-12-18","13:00","2","Reel","Founder journey","Biggest mistake so far — take 2","The mistake that cost us [x] — and what we changed.","Ask the founder anything","#Mithaiwallah #PremiumSweets #IndianSweets #Mithai #HandcraftedSweets #FounderStory #MadeInIndia #VocalForLocal #SmallBusinessIndia #Prayagraj #PrayagrajFood #Allahabad #UttarPradesh","","","","planned"
"79","2026-12-18","20:00","3","Carousel","Sweet-making process","Peda: ingredient story","What actually goes into Peda.","Save + follow for the process","#Mithaiwallah #PremiumSweets #IndianSweets #Mithai #HandcraftedSweets #SweetMaking #Halwai #SlowFood #FoodASMR #MadeByHand #Prayagraj #PrayagrajFood #Allahabad #UttarPradesh","","","","planned"
"80","2026-12-19","08:30","1","Reel","Packaging","Dispatch day, city by city — take 2","Where are these boxes going?","DM to order · link in bio","#Mithaiwallah #PremiumSweets #IndianSweets #Mithai #HandcraftedSweets #LuxuryPackaging #GiftBox #Unboxing #PackagingDesign #SatisfyingVideo","","Founder takeover: 3–5 frames, face to camera","","planned"
"80","2026-12-19","13:00","2","Reel","Sweet-making process","Kunda: texture macro (ASMR)","Sound on. This is Kunda.","Save + follow for the process","#Mithaiwallah #PremiumSweets #IndianSweets #Mithai #HandcraftedSweets #SweetMaking #Halwai #SlowFood #FoodASMR #MadeByHand #Prayagraj #PrayagrajFood #Allahabad #UttarPradesh","","","","planned"
"80","2026-12-19","20:00","3","Carousel","Wedding gifting","Wedding planner collab: 3 favour trends — take 2","3 wedding favour trends planners love this season.","DM “WEDDING” for the catalogue","#Mithaiwallah #PremiumSweets #IndianSweets #Mithai #HandcraftedSweets #WeddingGifts #WeddingHampers #ReturnGifts #IndianWedding #ShaadiSeason #WeddingFavours","","","","planned"
"81","2026-12-20","08:30","1","Reel","Customer testimonials & reactions","Hotel chef on consistency","Why [hotel] trusts us with their buffet.","Tag someone · share your unboxing","#Mithaiwallah #PremiumSweets #IndianSweets #Mithai #HandcraftedSweets #Prayagraj #PrayagrajFood #Allahabad #UttarPradesh","","Family & festive moments; weekend order cut-off reminder","","planned"
"81","2026-12-20","13:00","2","Reel","Sweet-making process","Kunda: halwai’s tip","A halwai’s secret for perfect Kunda.","Save + follow for the process","#Mithaiwallah #PremiumSweets #IndianSweets #Mithai #HandcraftedSweets #SweetMaking #Halwai #SlowFood #FoodASMR #MadeByHand #Prayagraj #PrayagrajFood #Allahabad #UttarPradesh","","","","planned"
"81","2026-12-20","20:00","3","Carousel","Packaging","Custom sleeve printing: proof → final — take 2","From proof to box in 4 slides.","DM to order · link in bio","#Mithaiwallah #PremiumSweets #IndianSweets #Mithai #HandcraftedSweets #LuxuryPackaging #GiftBox #Unboxing #PackagingDesign #SatisfyingVideo","","","","planned"
"82","2026-12-21","08:30","1","Reel","Sweet-making process","Bikaneri Cake: slow-motion pour & first stir","Watch this milk turn into Bikaneri Cake.","Save + follow for the process","#Mithaiwallah #PremiumSweets #IndianSweets #Mithai #HandcraftedSweets #SweetMaking #Halwai #SlowFood #FoodASMR #MadeByHand #Prayagraj #PrayagrajFood #Allahabad #UttarPradesh","","Poll: “Which sweet are you?” + link sticker to /sweets","","planned"
"82","2026-12-21","13:00","2","Reel","Corporate gifting","Bulk dispatch time-lapse (real order) — take 2","[N] boxes. One afternoon.","DM “DIWALI” / “GIFTING” for the catalogue","#Mithaiwallah #PremiumSweets #IndianSweets #Mithai #HandcraftedSweets #CorporateGifting #CorporateGiftsIndia #DiwaliGifting #EmployeeGifts #ClientGifts","","","","planned"
"82","2026-12-21","20:00","3","Carousel","Founder journey","Prayagraj roots — take 2","Why Prayagraj.","Ask the founder anything","#Mithaiwallah #PremiumSweets #IndianSweets #Mithai #HandcraftedSweets #FounderStory #MadeInIndia #VocalForLocal #SmallBusinessIndia #Prayagraj #PrayagrajFood #Allahabad #UttarPradesh","","","","planned"
"83","2026-12-22","08:30","1","Reel","Sweet-making process","Bikaneri Cake: the cut reveal","The cut you didn’t know you needed.","Save + follow for the process","#Mithaiwallah #PremiumSweets #IndianSweets #Mithai #HandcraftedSweets #SweetMaking #Halwai #SlowFood #FoodASMR #MadeByHand #Prayagraj #PrayagrajFood #Allahabad #UttarPradesh","","Behind the scenes: kitchen clips, halwai at work","","planned"
"83","2026-12-22","13:00","2","Reel","Wedding gifting","Return-gift table set-up at a venue — take 2","The last thing guests see before they leave.","DM “WEDDING” for the catalogue","#Mithaiwallah #PremiumSweets #IndianSweets #Mithai #HandcraftedSweets #WeddingGifts #WeddingHampers #ReturnGifts #IndianWedding #ShaadiSeason #WeddingFavours","","","","planned"
"83","2026-12-22","20:00","3","Carousel","Packaging","Tray layouts: 4, 6 or 9 cavities — take 2","Pick your layout.","DM to order · link in bio","#Mithaiwallah #PremiumSweets #IndianSweets #Mithai #HandcraftedSweets #LuxuryPackaging #GiftBox #Unboxing #PackagingDesign #SatisfyingVideo","","","","planned"
"84","2026-12-23","08:30","1","Reel","Sweet-making process","Bikaneri Cake: garnish close-up","The finishing touch on Bikaneri Cake.","Save + follow for the process","#Mithaiwallah #PremiumSweets #IndianSweets #Mithai #HandcraftedSweets #SweetMaking #Halwai #SlowFood #FoodASMR #MadeByHand #Prayagraj #PrayagrajFood #Allahabad #UttarPradesh","","Question box: “Ask us anything about mithai / gifting”","","planned"
"84","2026-12-23","13:00","2","Reel","Sweet-making process","Bikaneri Cake: texture macro (ASMR)","Sound on. This is Bikaneri Cake.","Save + follow for the process","#Mithaiwallah #PremiumSweets #IndianSweets #Mithai #HandcraftedSweets #SweetMaking #Halwai #SlowFood #FoodASMR #MadeByHand #Prayagraj #PrayagrajFood #Allahabad #UttarPradesh","","","","planned"
"84","2026-12-23","20:00","3","Carousel","Packaging","Packing for a 1,500 km journey — take 2","How our sweets survive a 1,500 km journey.","DM to order · link in bio","#Mithaiwallah #PremiumSweets #IndianSweets #Mithai #HandcraftedSweets #LuxuryPackaging #GiftBox #Unboxing #PackagingDesign #SatisfyingVideo","","","","planned"
"85","2026-12-24","08:30","1","Reel","Wedding gifting","Colour-matching session with a bride’s family — take 2","Matching the lehenga, one ribbon at a time.","DM “WEDDING” for the catalogue","#Mithaiwallah #PremiumSweets #IndianSweets #Mithai #HandcraftedSweets #WeddingGifts #WeddingHampers #ReturnGifts #IndianWedding #ShaadiSeason #WeddingFavours","","Order reminder + link sticker; countdown sticker near festivals","","planned"
"85","2026-12-24","13:00","2","Reel","Sweet-making process","Bikaneri Cake: halwai’s tip","A halwai’s secret for perfect Bikaneri Cake.","Save + follow for the process","#Mithaiwallah #PremiumSweets #IndianSweets #Mithai #HandcraftedSweets #SweetMaking #Halwai #SlowFood #FoodASMR #MadeByHand #Prayagraj #PrayagrajFood #Allahabad #UttarPradesh","","","","planned"
"85","2026-12-24","20:00","3","Carousel","Corporate gifting","Three gifting tiers explained — take 2","Team, leadership, key clients: how to budget.","DM “DIWALI” / “GIFTING” for the catalogue","#Mithaiwallah #PremiumSweets #IndianSweets #Mithai #HandcraftedSweets #CorporateGifting #CorporateGiftsIndia #DiwaliGifting #EmployeeGifts #ClientGifts","","","","planned"
"86","2026-12-25","08:30","1","Carousel","Corporate gifting","Christmas & New Year client gifting","The year-end gift your clients will actually open.","DM “DIWALI” / “GIFTING” for the catalogue","#Mithaiwallah #PremiumSweets #IndianSweets #Mithai #HandcraftedSweets #CorporateGifting #CorporateGiftsIndia #DiwaliGifting #EmployeeGifts #ClientGifts #Diwali2026 #FestiveGifting #DiwaliSweets #FestiveHampers","Christmas","Reshare customer stories and unboxings (with permission)","","planned"
"86","2026-12-25","13:00","2","Reel","Sweet-making process","Factory tour: 60 seconds, milk to box","Our whole kitchen in 60 seconds.","Save + follow for the process","#Mithaiwallah #PremiumSweets #IndianSweets #Mithai #HandcraftedSweets #SweetMaking #Halwai #SlowFood #FoodASMR #MadeByHand #Prayagraj #PrayagrajFood #Allahabad #UttarPradesh","","","","planned"
"86","2026-12-25","20:00","3","Carousel","Founder journey","Meet the team — take 2","The people behind every box.","Ask the founder anything","#Mithaiwallah #PremiumSweets #IndianSweets #Mithai #HandcraftedSweets #FounderStory #MadeInIndia #VocalForLocal #SmallBusinessIndia #Prayagraj #PrayagrajFood #Allahabad #UttarPradesh","","","","planned"
"87","2026-12-26","08:30","1","Reel","Packaging","Unboxing POV — take 2","POV: this just arrived at your desk.","DM to order · link in bio","#Mithaiwallah #PremiumSweets #IndianSweets #Mithai #HandcraftedSweets #LuxuryPackaging #GiftBox #Unboxing #PackagingDesign #SatisfyingVideo","","Founder takeover: 3–5 frames, face to camera","","planned"
"87","2026-12-26","13:00","2","Reel","Sweet-making process","Winter menu: warm kunda and more","Winter was made for warm kunda.","Save + follow for the process","#Mithaiwallah #PremiumSweets #IndianSweets #Mithai #HandcraftedSweets #SweetMaking #Halwai #SlowFood #FoodASMR #MadeByHand #Prayagraj #PrayagrajFood #Allahabad #UttarPradesh","","","","planned"
"87","2026-12-26","20:00","3","Carousel","Wedding gifting","Destination-wedding hamper packing — take 2","How we ship hampers to a destination wedding.","DM “WEDDING” for the catalogue","#Mithaiwallah #PremiumSweets #IndianSweets #Mithai #HandcraftedSweets #WeddingGifts #WeddingHampers #ReturnGifts #IndianWedding #ShaadiSeason #WeddingFavours","","","","planned"
"88","2026-12-27","08:30","1","Reel","Sweet-making process","Peda: myth vs fact (as reel)","Peda: 4 things people get wrong.","Save + follow for the process","#Mithaiwallah #PremiumSweets #IndianSweets #Mithai #HandcraftedSweets #SweetMaking #Halwai #SlowFood #FoodASMR #MadeByHand #Prayagraj #PrayagrajFood #Allahabad #UttarPradesh","","Family & festive moments; weekend order cut-off reminder","","planned"
"88","2026-12-27","13:00","2","Reel","Customer testimonials & reactions","Client reaction video (with consent) — take 2","We asked [client] what their team said.","Tag someone · share your unboxing","#Mithaiwallah #PremiumSweets #IndianSweets #Mithai #HandcraftedSweets #Prayagraj #PrayagrajFood #Allahabad #UttarPradesh","","","","planned"
"88","2026-12-27","20:00","3","Carousel","Packaging","Box colour stories: maroon, ivory, gold — take 2","Three colours, three moods.","DM to order · link in bio","#Mithaiwallah #PremiumSweets #IndianSweets #Mithai #HandcraftedSweets #LuxuryPackaging #GiftBox #Unboxing #PackagingDesign #SatisfyingVideo","","","","planned"
"89","2026-12-28","08:30","1","Reel","Sweet-making process","Kunda: how to serve it (as reel)","3 ways to serve Kunda like a host.","Save + follow for the process","#Mithaiwallah #PremiumSweets #IndianSweets #Mithai #HandcraftedSweets #SweetMaking #Halwai #SlowFood #FoodASMR #MadeByHand #Prayagraj #PrayagrajFood #Allahabad #UttarPradesh","","Poll: “Which sweet are you?” + link sticker to /sweets","","planned"
"89","2026-12-28","13:00","2","Reel","Founder journey","Founder Q&A from comments — take 2","You asked. I answered.","Ask the founder anything","#Mithaiwallah #PremiumSweets #IndianSweets #Mithai #HandcraftedSweets #FounderStory #MadeInIndia #VocalForLocal #SmallBusinessIndia #Prayagraj #PrayagrajFood #Allahabad #UttarPradesh","","","","planned"
"89","2026-12-28","20:00","3","Carousel","Sweet-making process","Kunda: ingredient story","What actually goes into Kunda.","Save + follow for the process","#Mithaiwallah #PremiumSweets #IndianSweets #Mithai #HandcraftedSweets #SweetMaking #Halwai #SlowFood #FoodASMR #MadeByHand #Prayagraj #PrayagrajFood #Allahabad #UttarPradesh","","","","planned"
"90","2026-12-29","08:30","1","Reel","Wedding gifting","Tasting session with two families — take 2","The happiest hour of wedding planning.","DM “WEDDING” for the catalogue","#Mithaiwallah #PremiumSweets #IndianSweets #Mithai #HandcraftedSweets #WeddingGifts #WeddingHampers #ReturnGifts #IndianWedding #ShaadiSeason #WeddingFavours","","Behind the scenes: kitchen clips, halwai at work","","planned"
"90","2026-12-29","13:00","2","Reel","Packaging","Writing the message cards — take 2","Every card, written like it matters.","DM to order · link in bio","#Mithaiwallah #PremiumSweets #IndianSweets #Mithai #HandcraftedSweets #LuxuryPackaging #GiftBox #Unboxing #PackagingDesign #SatisfyingVideo","","","","planned"
"90","2026-12-29","20:00","3","Carousel","Sweet-making process","Kunda: myth vs fact","Kunda: 4 things people get wrong.","Save + follow for the process","#Mithaiwallah #PremiumSweets #IndianSweets #Mithai #HandcraftedSweets #SweetMaking #Halwai #SlowFood #FoodASMR #MadeByHand #Prayagraj #PrayagrajFood #Allahabad #UttarPradesh","","","","planned"